<?xml version="1.0" encoding="UTF-8"?>
<beans xmlns="http://www.springframework.org/schema/beans"
	xmlns:xsi="http://www.w3.org/2001/XMLSchema-instance" xmlns:p="http://www.springframework.org/schema/p"
	xmlns:mvc="http://www.springframework.org/schema/mvc" xmlns:context="http://www.springframework.org/schema/context"
	xmlns:util="http://www.springframework.org/schema/util" xmlns:tx="http://www.springframework.org/schema/tx"
	xsi:schemaLocation="
        http://www.springframework.org/schema/beans
        http://www.springframework.org/schema/beans/spring-beans.xsd
        http://www.springframework.org/schema/context
        http://www.springframework.org/schema/context/spring-context.xsd
        http://www.springframework.org/schema/mvc
        http://www.springframework.org/schema/mvc/spring-mvc-4.2.xsd
        http://www.springframework.org/schema/util
        http://www.springframework.org/schema/util/spring-util-4.2.xsd
        http://www.springframework.org/schema/tx
        http://www.springframework.org/schema/tx/spring-tx-4.2.xsd">

	<context:component-scan	base-package="springbasics9" />

	<mvc:view-controller path="/" view-name="inicio"/>

	<bean id="viewResolver"
		class="org.springframework.web.servlet.view.InternalResourceViewResolver">
		<property name="viewClass" value="org.springframework.web.servlet.view.JstlView" />
		<property name="prefix" value="/WEB-INF/" />
		<property name="suffix" value=".jsp" />
		<property name="order" value="1" />
	</bean>

	<mvc:annotation-driven>
		<mvc:message-converters>
			<bean class="org.springframework.http.converter.StringHttpMessageConverter" />
			<bean class="org.springframework.http.converter.json.MappingJackson2HttpMessageConverter" />
		</mvc:message-converters>
	</mvc:annotation-driven>

	<mvc:resources mapping="/html/**" location="/html/" />
	<mvc:resources mapping="/css/**" location="/css/" />
	<mvc:resources mapping="/img/**" location="/img/" />
	<mvc:resources mapping="/js/**" location="/js/" />

	<bean id="multipartResolver" class="org.springframework.web.multipart.commons.CommonsMultipartResolver">
		<property name="maxUploadSize" value="500000" />
	</bean>

	<bean id="messageSource" class="org.springframework.context.support.ResourceBundleMessageSource">
		<property name="basename">
			<value>mensajes</value>
		</property>
	</bean>


	<bean id="dataSource"
		class="org.springframework.jdbc.datasource.DriverManagerDataSource">
		<property name="driverClassName" value="com.mysql.jdbc.Driver" />
		<property name="url" value="jdbc:mysql://127.0.0.1:3306/bd_muestra" />
		<property name="username" value="root" />
		<property name="password" value="admin" />
	</bean>


	<!-- Este bean crea el entity manager factory, que a su vez crea el entity manager
	que es la caché donde se guardan los objetos persistentes
	Realmente, EnrityManager es un PersistenceContext -->
	
	<bean id="entityManagerFactory" class="org.springframework.orm.jpa.LocalContainerEntityManagerFactoryBean">
		<property name="persistenceXmlLocation" value="classpath:persistence.xml" />
		<property name="persistenceUnitName" value="miPersistenceUnit" />
		<property name="dataSource" ref="dataSource" />
		<property name="jpaVendorAdapter" ref="jpaVendorAdapter" />
		<property name="jpaDialect" ref="jpaDialect" />
	</bean>

	<!-- Digo que voy a usar hibernate como implementación del JPA -->
	<bean id="jpaVendorAdapter" class="org.springframework.orm.jpa.vendor.HibernateJpaVendorAdapter">
		<property name="database" value="HSQL" />
		<property name="databasePlatform" value="org.hibernate.dialect.HSQLDialect" />
	</bean>
	
	<!--Dialect es un mecanismo previsto por Spring para añadir funcionalidad
	no ofrecida por el Estándar JPA, como acceder a conexiones JDBC de bajo nivel
	sin la intervención de transacciones  -->

	<bean id="jpaDialect" class="org.springframework.orm.jpa.vendor.HibernateJpaDialect" />

	<!-- Este será el bean que se encarge de las transacciones lógicas,. Cuando anoto a un método
	con @Transactional . Es esta clase estra en acción y "abre y cierra" la transacción con el 
	entitymanager, sin tener que encargarme yo de eso para cada operación start/end -commit-transaction-->
		
	<bean id="transactionManager" class="org.springframework.orm.jpa.JpaTransactionManager">
		<property name="entityManagerFactory" ref="entityManagerFactory" />
		<property name="dataSource" ref="dataSource" />
		<property name="jpaDialect" ref="jpaDialect" />
	</bean>

	<!-- POA Permito que el bean encargado sea inyectado con la notación @Transactional -->
	<tx:annotation-driven transaction-manager="transactionManager" />
	
</beans>